band,obs_diff,p_value
theta,,9.999000099990002e-05
spindle,,9.999000099990002e-05
