effect_size,required_n_per_group
0.2,198.15082433942155
0.5,33.36713142751995
0.8,14.302764993479608
