p0_hat,alpha_hat,p0_err,alpha_err,p0_ci_low,p0_ci_high,alpha_ci_low,alpha_ci_high
0.5012062964607399,0.05179216192542091,0.001160326315358702,0.001021663605576701,0.4984104829561527,0.5039736916046443,0.04910607264069224,0.05444687993638382
