gamma_b,gamma_sum,gamma_err
0.2,1.2000000000000002,0.0
0.8,1.8000000000000005,0.0
