slope,intercept,slope_err,ci_low,ci_high
0.9600603072832733,0.02098586293116217,0.036404229889934296,0.9047391344879113,1.058175427642743
