gamma_b,gamma_sum,gamma_err
0.2,1.1999999999999993,2.2010473784088977e-09
0.8,1.8000000000000014,0.0
