tau_hat,tau_err,tau_ci_low,tau_ci_high
20.0,1.5118578920391466,17.371096953341418,23.67601471297489
